group,campaign,phone,lead_id,merchant,status,found,rep_changed,progressing
R3 Mar26,R3 Mar26,7327620017,lead_23ZiE3y2Sp4aNottUZKt058NyoFXotvXskdeDcTeZo4,Ember Fireplaces,Outbound (3rd Party System),True,False,False
Connor old candidates blast,Connor old candidates blast,9179408985,,,,False,False,False
Connor old candidates blast,Connor old candidates blast,9297052102,,,,False,False,False
Connor old candidates blast,Connor old candidates blast,5515569222,,,,False,False,False
Connor old candidates blast,Connor old candidates blast,2026153076,,,,False,False,False
Connor old candidates blast,Connor old candidates blast,9172853654,,,,False,False,False
Connor old candidates blast,Connor old candidates blast,9172886705,,,,False,False,False
Connor old candidates blast,Connor old candidates blast,7867932538,,,,False,False,False
Connor old candidates blast,Connor old candidates blast,3102004423,,,,False,False,False
Connor old candidates blast,Connor old candidates blast,7183603891,,,,False,False,False
Connor old candidates blast,Connor old candidates blast,3473589769,,,,False,False,False
Connor old candidates blast,Connor old candidates blast,8148803781,,,,False,False,False
Connor old candidates blast,Connor old candidates blast,9179842414,,,,False,False,False
Connor old candidates blast,Connor old candidates blast,9295921999,,,,False,False,False
Connor old candidates blast,Connor old candidates blast,6264872121,,,,False,False,False
Connor old candidates blast,Connor old candidates blast,4047804177,,,,False,False,False
Connor old candidates blast,Connor old candidates blast,6467369634,,,,False,False,False
